index,open,high,low,close,volume
1,0.031784,0.031784,0.031666,0.031666,1800
